current seq_region name,new seq_region name,INSDC accession,Notes
Scaffold0,KK499764,KK499764,
Scaffold1,KK499765,KK499765,
Scaffold2,KK499766,KK499766,
Scaffold3,KK499767,KK499767,
Scaffold4,KK499768,KK499768,
Scaffold5,KK499769,KK499769,
Scaffold6,KK499770,KK499770,
Scaffold7,KK499771,KK499771,
Scaffold8,KK499772,KK499772,
Scaffold9,KK499773,KK499773,
Scaffold10,KK499774,KK499774,
Scaffold11,KK499775,KK499775,
Scaffold12,KK499776,KK499776,
Scaffold13,KK499777,KK499777,
Scaffold14,KK499778,KK499778,
Scaffold15,KK499779,KK499779,
Scaffold16,KK499780,KK499780,
Scaffold17,KK499781,KK499781,
Scaffold18,KK499782,KK499782,
Scaffold19,KK499783,KK499783,
Scaffold20,KK499784,KK499784,
Scaffold21,KK499785,KK499785,
Scaffold22,KK499786,KK499786,
Scaffold23,KK499787,KK499787,
Scaffold24,KK499788,KK499788,
Scaffold25,KK499789,KK499789,
Scaffold26,KK499790,KK499790,
Scaffold27,KK499791,KK499791,
Scaffold28,KK499792,KK499792,
Scaffold29,KK499793,KK499793,
Scaffold30,KK499794,KK499794,
Scaffold31,KK499795,KK499795,
Scaffold32,KK499796,KK499796,
Scaffold33,KK499797,KK499797,
Scaffold34,KK499798,KK499798,
Scaffold35,KK499799,KK499799,
Scaffold36,KK499800,KK499800,
Scaffold37,KK499801,KK499801,
Scaffold38,KK499802,KK499802,
Scaffold39,KK499803,KK499803,
Scaffold40,KK499804,KK499804,
Scaffold41,KK499805,KK499805,
Scaffold42,KK499806,KK499806,
Scaffold43,KK499807,KK499807,
Scaffold44,KK499808,KK499808,
Scaffold45,KK499809,KK499809,
Scaffold46,KK499810,KK499810,
Scaffold47,KK499811,KK499811,
Scaffold48,KK499812,KK499812,
Scaffold49,KK499813,KK499813,
Scaffold50,KK499814,KK499814,
Scaffold51,KK499815,KK499815,
Scaffold52,KK499816,KK499816,
Scaffold53,KK499817,KK499817,
Scaffold54,KK499818,KK499818,
Scaffold55,KK499819,KK499819,
Scaffold56,KK499820,KK499820,
Scaffold57,KK499821,KK499821,
Scaffold58,KK499822,KK499822,
Scaffold59,KK499823,KK499823,
Scaffold60,KK499824,KK499824,
Scaffold61,KK499825,KK499825,
Scaffold62,KK499826,KK499826,
Scaffold63,KK499827,KK499827,
Scaffold64,KK499828,KK499828,
Scaffold65,KK499829,KK499829,
Scaffold66,KK499830,KK499830,
Scaffold67,KK499831,KK499831,
Scaffold68,KK499832,KK499832,
Scaffold69,KK499833,KK499833,
Scaffold70,KK499834,KK499834,
Scaffold71,KK499835,KK499835,
Scaffold72,KK499836,KK499836,
Scaffold73,KK499837,KK499837,
Scaffold74,KK499838,KK499838,
Scaffold75,KK499839,KK499839,
Scaffold76,KK499840,KK499840,
Scaffold77,KK499841,KK499841,
Scaffold78,KK499842,KK499842,
Scaffold79,KK499843,KK499843,
Scaffold80,KK499844,KK499844,
Scaffold81,KK499845,KK499845,
Scaffold82,KK499846,KK499846,
Scaffold83,KK499847,KK499847,
Scaffold84,KK499848,KK499848,
Scaffold85,KK499849,KK499849,
Scaffold86,KK499850,KK499850,
Scaffold87,KK499851,KK499851,
Scaffold88,KK499852,KK499852,
Scaffold89,KK499853,KK499853,
Scaffold90,KK499854,KK499854,
Scaffold91,KK499855,KK499855,
Scaffold92,KK499856,KK499856,
Scaffold93,KK499857,KK499857,
Scaffold94,KK499858,KK499858,
Scaffold95,KK499859,KK499859,
Scaffold96,KK499860,KK499860,
Scaffold97,KK499861,KK499861,
Scaffold98,KK499862,KK499862,
Scaffold99,KK499863,KK499863,
Scaffold100,KK499864,KK499864,
Scaffold101,KK499865,KK499865,
Scaffold102,KK499866,KK499866,
Scaffold103,KK499867,KK499867,
Scaffold104,KK499868,KK499868,
Scaffold105,KK499869,KK499869,
Scaffold106,KK499870,KK499870,
Scaffold107,KK499871,KK499871,
Scaffold108,KK499872,KK499872,
Scaffold109,KK499873,KK499873,
Scaffold110,KK499874,KK499874,
Scaffold111,KK499875,KK499875,
Scaffold112,KK499876,KK499876,
Scaffold113,KK499877,KK499877,
Scaffold114,KK499878,KK499878,
Scaffold115,KK499879,KK499879,
Scaffold116,KK499880,KK499880,
Scaffold117,KK499881,KK499881,
Scaffold118,KK499882,KK499882,
Scaffold119,KK499883,KK499883,
Scaffold120,KK499884,KK499884,
Scaffold121,KK499885,KK499885,
Scaffold122,KK499886,KK499886,
Scaffold123,KK499887,KK499887,
Scaffold124,KK499888,KK499888,
Scaffold125,KK499889,KK499889,
Scaffold126,KK499890,KK499890,
Scaffold127,KK499891,KK499891,
Scaffold128,KK499892,KK499892,
Scaffold129,KK499893,KK499893,
Scaffold130,KK499894,KK499894,
Scaffold131,KK499895,KK499895,
Scaffold132,KK499896,KK499896,
Scaffold133,KK499897,KK499897,
Scaffold134,KK499898,KK499898,
Scaffold135,KK499899,KK499899,
Scaffold136,KK499900,KK499900,
Scaffold137,KK499901,KK499901,
Scaffold138,KK499902,KK499902,
Scaffold139,KK499903,KK499903,
Scaffold140,KK499904,KK499904,
Scaffold141,KK499905,KK499905,
Scaffold142,KK499906,KK499906,
Scaffold143,KK499907,KK499907,
Scaffold144,JMRQ01002017,JMRQ01002017,
Scaffold145,KK499908,KK499908,
Scaffold146,KK499909,KK499909,
Scaffold147,KK499910,KK499910,
Scaffold148,KK499911,KK499911,
Scaffold149,KK499912,KK499912,
Scaffold150,KK499913,KK499913,
Scaffold151,KK499914,KK499914,
Scaffold152,KK499915,KK499915,
Scaffold153,KK499916,KK499916,
Scaffold154,KK499917,KK499917,
Scaffold155,JMRQ01002108,JMRQ01002108,
Scaffold156,KK499918,KK499918,
Scaffold157,KK499919,KK499919,
Scaffold158,KK499920,KK499920,
Scaffold159,KK499921,KK499921,
Scaffold160,KK499922,KK499922,
Scaffold161,KK499923,KK499923,
Scaffold162,KK499924,KK499924,
Scaffold163,KK499925,KK499925,
Scaffold164,KK499926,KK499926,
Scaffold165,KK499927,KK499927,
Scaffold166,KK499928,KK499928,
Scaffold167,KK499929,KK499929,
Scaffold168,KK499930,KK499930,
Scaffold169,KK499931,KK499931,
Scaffold170,KK499932,KK499932,
Scaffold171,KK499933,KK499933,
Scaffold172,KK499934,KK499934,
Scaffold173,KK499935,KK499935,
Scaffold174,KK499936,KK499936,
Scaffold175,KK499937,KK499937,
Scaffold176,KK499938,KK499938,
Scaffold177,KK499939,KK499939,
Scaffold178,KK499940,KK499940,
Scaffold179,KK499941,KK499941,
Scaffold180,KK499942,KK499942,
Scaffold181,KK499943,KK499943,
Scaffold182,KK499944,KK499944,
Scaffold183,KK499945,KK499945,
Scaffold184,KK499946,KK499946,
Scaffold185,KK499947,KK499947,
Scaffold186,KK499948,KK499948,
Scaffold187,KK499949,KK499949,
Scaffold188,KK499950,KK499950,
Scaffold189,KK499951,KK499951,
Scaffold190,KK499952,KK499952,
Scaffold191,KK499953,KK499953,
Scaffold192,KK499954,KK499954,
Scaffold193,KK499955,KK499955,
Scaffold194,KK499956,KK499956,
Scaffold195,KK499957,KK499957,
Scaffold196,KK499958,KK499958,
Scaffold197,KK499959,KK499959,
Scaffold198,KK499960,KK499960,
Scaffold199,KK499961,KK499961,
Scaffold200,KK499962,KK499962,
Scaffold201,KK499963,KK499963,
Scaffold202,KK499964,KK499964,
Scaffold203,KK499965,KK499965,
Scaffold204,KK499966,KK499966,
Scaffold205,KK499967,KK499967,
Scaffold206,KK499968,KK499968,
Scaffold207,KK499969,KK499969,
Scaffold208,KK499970,KK499970,
Scaffold209,KK499971,KK499971,
Scaffold210,KK499972,KK499972,
Scaffold211,KK499973,KK499973,
Scaffold212,KK499974,KK499974,
Scaffold213,KK499975,KK499975,
Scaffold214,KK499976,KK499976,
Scaffold215,KK499977,KK499977,
Scaffold216,KK499978,KK499978,
Scaffold217,KK499979,KK499979,
Scaffold218,KK499980,KK499980,
Scaffold219,KK499981,KK499981,
Scaffold220,KK499982,KK499982,
Scaffold221,KK499983,KK499983,
Scaffold222,KK499984,KK499984,
Scaffold223,KK499985,KK499985,
Scaffold224,KK499986,KK499986,
Scaffold225,KK499987,KK499987,
Scaffold226,KK499988,KK499988,
Scaffold227,KK499989,KK499989,
Scaffold228,KK499990,KK499990,
Scaffold229,KK499991,KK499991,
Scaffold230,KK499992,KK499992,
Scaffold231,KK499993,KK499993,
Scaffold232,KK499994,KK499994,
Scaffold233,JMRQ01002872,JMRQ01002872,
Scaffold234,KK499995,KK499995,
Scaffold235,KK499996,KK499996,
Scaffold236,KK499997,KK499997,
Scaffold237,KK499998,KK499998,
Scaffold238,KK499999,KK499999,
Scaffold239,KK500000,KK500000,
Scaffold240,KK500001,KK500001,
Scaffold241,KK500002,KK500002,
Scaffold242,KK500003,KK500003,
Scaffold243,KK500004,KK500004,
Scaffold244,KK500005,KK500005,
Scaffold245,KK500006,KK500006,
Scaffold246,KK500007,KK500007,
Scaffold247,KK500008,KK500008,
Scaffold248,KK500009,KK500009,
Scaffold249,KK500010,KK500010,
Scaffold250,KK500011,KK500011,
Scaffold251,KK500012,KK500012,
Scaffold252,KK500013,KK500013,
Scaffold253,KK500014,KK500014,
Scaffold254,KK500015,KK500015,
Scaffold255,KK500016,KK500016,
Scaffold256,KK500017,KK500017,
Scaffold257,KK500018,KK500018,
Scaffold258,KK500019,KK500019,
Scaffold259,KK500020,KK500020,
Scaffold260,KK500021,KK500021,
Scaffold261,KK500022,KK500022,
Scaffold262,KK500023,KK500023,
Scaffold263,KK500024,KK500024,
Scaffold264,KK500025,KK500025,
Scaffold265,KK500026,KK500026,
Scaffold266,KK500027,KK500027,
Scaffold267,KK500028,KK500028,
Scaffold268,KK500029,KK500029,
Scaffold269,KK500030,KK500030,
Scaffold270,KK500031,KK500031,
Scaffold271,KK500032,KK500032,
Scaffold272,KK500033,KK500033,
Scaffold273,KK500034,KK500034,
Scaffold274,KK500035,KK500035,
Scaffold275,KK500036,KK500036,
Scaffold276,KK500037,KK500037,
Scaffold277,KK500038,KK500038,
Scaffold278,KK500039,KK500039,
Scaffold279,JMRQ01003306,JMRQ01003306,
Scaffold280,KK500040,KK500040,
Scaffold281,KK500041,KK500041,
Scaffold282,KK500042,KK500042,
Scaffold283,KK500043,KK500043,
Scaffold284,KK500044,KK500044,
Scaffold285,KK500045,KK500045,
Scaffold286,KK500046,KK500046,
Scaffold287,KK500047,KK500047,
Scaffold288,KK500048,KK500048,
Scaffold289,KK500049,KK500049,
Scaffold290,KK500050,KK500050,
Scaffold291,KK500051,KK500051,
Scaffold292,KK500052,KK500052,
Scaffold293,KK500053,KK500053,
Scaffold294,KK500054,KK500054,
Scaffold295,KK500055,KK500055,
Scaffold296,KK500056,KK500056,
Scaffold297,KK500057,KK500057,
Scaffold298,KK500058,KK500058,
Scaffold299,KK500059,KK500059,
Scaffold300,KK500060,KK500060,
Scaffold301,KK500061,KK500061,
Scaffold302,KK500062,KK500062,
Scaffold303,KK500063,KK500063,
Scaffold304,KK500064,KK500064,
Scaffold305,KK500065,KK500065,
Scaffold306,KK500066,KK500066,
Scaffold307,KK500067,KK500067,
Scaffold308,KK500068,KK500068,
Scaffold309,KK500069,KK500069,
Scaffold310,KK500070,KK500070,
Scaffold311,KK500071,KK500071,
Scaffold312,KK500072,KK500072,
Scaffold313,KK500073,KK500073,
Scaffold314,KK500074,KK500074,
Scaffold315,KK500075,KK500075,
Scaffold316,KK500076,KK500076,
Scaffold317,KK500077,KK500077,
Scaffold318,JMRQ01003692,JMRQ01003692,
Scaffold319,KK500078,KK500078,
Scaffold320,KK500079,KK500079,
Scaffold321,KK500080,KK500080,
Scaffold322,KK500081,KK500081,
Scaffold323,KK500082,KK500082,
Scaffold324,KK500083,KK500083,
Scaffold325,KK500084,KK500084,
Scaffold326,KK500085,KK500085,
Scaffold327,KK500086,KK500086,
Scaffold328,KK500087,KK500087,
Scaffold329,KK500088,KK500088,
Scaffold330,KK500089,KK500089,
Scaffold331,KK500090,KK500090,
Scaffold332,KK500091,KK500091,
Scaffold333,KK500092,KK500092,
Scaffold334,KK500093,KK500093,
Scaffold335,KK500094,KK500094,
Scaffold336,KK500095,KK500095,
Scaffold337,KK500096,KK500096,
Scaffold338,KK500097,KK500097,
Scaffold339,KK500098,KK500098,
Scaffold340,KK500099,KK500099,
Scaffold341,KK500100,KK500100,
Scaffold342,KK500101,KK500101,
Scaffold343,KK500102,KK500102,
Scaffold344,KK500103,KK500103,
Scaffold345,KK500104,KK500104,
Scaffold346,JMRQ01003892,JMRQ01003892,
Scaffold347,KK500105,KK500105,
Scaffold348,KK500106,KK500106,
Scaffold349,KK500107,KK500107,
Scaffold350,KK500108,KK500108,
Scaffold351,KK500109,KK500109,
Scaffold352,KK500110,KK500110,
Scaffold353,KK500111,KK500111,
Scaffold354,KK500112,KK500112,
Scaffold355,KK500113,KK500113,
Scaffold356,KK500114,KK500114,
Scaffold357,KK500115,KK500115,
Scaffold358,KK500116,KK500116,
Scaffold359,KK500117,KK500117,
Scaffold360,KK500118,KK500118,
Scaffold361,JMRQ01003977,JMRQ01003977,
Scaffold362,KK500119,KK500119,
Scaffold363,KK500120,KK500120,
Scaffold364,KK500121,KK500121,
Scaffold365,KK500122,KK500122,
Scaffold366,KK500123,KK500123,
Scaffold367,KK500124,KK500124,
Scaffold368,KK500125,KK500125,
Scaffold369,KK500126,KK500126,
Scaffold370,KK500127,KK500127,
Scaffold371,KK500128,KK500128,
Scaffold372,KK500129,KK500129,
Scaffold373,KK500130,KK500130,
Scaffold374,KK500131,KK500131,
Scaffold375,KK500132,KK500132,
Scaffold376,KK500133,KK500133,
Scaffold377,KK500134,KK500134,
Scaffold378,KK500135,KK500135,
Scaffold379,KK500136,KK500136,
Scaffold380,KK500137,KK500137,
Scaffold381,KK500138,KK500138,
Scaffold382,KK500139,KK500139,
Scaffold383,KK500140,KK500140,
Scaffold384,KK500141,KK500141,
Scaffold385,KK500142,KK500142,
Scaffold386,KK500143,KK500143,
Scaffold387,KK500144,KK500144,
Scaffold388,KK500145,KK500145,
Scaffold389,KK500146,KK500146,
Scaffold390,KK500147,KK500147,
Scaffold391,KK500148,KK500148,
Scaffold392,KK500149,KK500149,
Scaffold393,KK500150,KK500150,
Scaffold394,KK500151,KK500151,
Scaffold395,KK500152,KK500152,
Scaffold396,KK500153,KK500153,
Scaffold397,JMRQ01004205,JMRQ01004205,
Scaffold398,KK500154,KK500154,
Scaffold399,KK500155,KK500155,
Scaffold400,KK500156,KK500156,
Scaffold401,KK500157,KK500157,
Scaffold402,KK500158,KK500158,
Scaffold403,KK500159,KK500159,
Scaffold404,KK500160,KK500160,
Scaffold405,KK500161,KK500161,
Scaffold406,KK500162,KK500162,
Scaffold407,KK500163,KK500163,
Scaffold408,KK500164,KK500164,
Scaffold409,KK500165,KK500165,
Scaffold410,KK500166,KK500166,
Scaffold411,KK500167,KK500167,
Scaffold412,KK500168,KK500168,
Scaffold413,JMRQ01004314,JMRQ01004314,
Scaffold414,KK500169,KK500169,
Scaffold415,KK500170,KK500170,
Scaffold416,KK500171,KK500171,
Scaffold417,KK500172,KK500172,
Scaffold418,JMRQ01004349,JMRQ01004349,
Scaffold419,KK500173,KK500173,
Scaffold420,KK500174,KK500174,
Scaffold421,KK500175,KK500175,
Scaffold422,JMRQ01004363,JMRQ01004363,
Scaffold423,KK500176,KK500176,
Scaffold424,KK500177,KK500177,
Scaffold425,KK500178,KK500178,
Scaffold426,KK500179,KK500179,
Scaffold427,KK500180,KK500180,
Scaffold428,KK500181,KK500181,
Scaffold429,KK500182,KK500182,
Scaffold430,KK500183,KK500183,
Scaffold431,JMRQ01004399,JMRQ01004399,
Scaffold432,KK500184,KK500184,
Scaffold433,KK500185,KK500185,
Scaffold434,KK500186,KK500186,
Scaffold435,KK500187,KK500187,
Scaffold436,KK500188,KK500188,
Scaffold437,KK500189,KK500189,
Scaffold438,KK500190,KK500190,
Scaffold439,KK500191,KK500191,
Scaffold440,KK500192,KK500192,
Scaffold441,KK500193,KK500193,
Scaffold442,KK500194,KK500194,
Scaffold443,KK500195,KK500195,
Scaffold444,KK500196,KK500196,
Scaffold445,KK500197,KK500197,
Scaffold446,KK500198,KK500198,
Scaffold447,KK500199,KK500199,
Scaffold448,KK500200,KK500200,
Scaffold449,KK500201,KK500201,
Scaffold450,KK500202,KK500202,
Scaffold451,KK500203,KK500203,
Scaffold452,KK500204,KK500204,
Scaffold453,KK500205,KK500205,
Scaffold454,KK500206,KK500206,
Scaffold455,KK500207,KK500207,
Scaffold456,KK500208,KK500208,
Scaffold457,KK500209,KK500209,
Scaffold458,KK500210,KK500210,
Scaffold459,KK500211,KK500211,
Scaffold460,KK500212,KK500212,
Scaffold461,KK500213,KK500213,
Scaffold462,KK500214,KK500214,
Scaffold463,KK500215,KK500215,
Scaffold464,KK500216,KK500216,
Scaffold465,KK500217,KK500217,
Scaffold466,JMRQ01004575,JMRQ01004575,
Scaffold467,KK500218,KK500218,
Scaffold468,KK500219,KK500219,
Scaffold469,KK500220,KK500220,
Scaffold470,KK500221,KK500221,
Scaffold471,KK500222,KK500222,
Scaffold472,KK500223,KK500223,
Scaffold473,KK500224,KK500224,
Scaffold474,KK500225,KK500225,
Scaffold475,KK500226,KK500226,
Scaffold476,KK500227,KK500227,
Scaffold477,KK500228,KK500228,
Scaffold478,KK500229,KK500229,
Scaffold479,KK500230,KK500230,
Scaffold480,KK500231,KK500231,
Scaffold481,KK500232,KK500232,
Scaffold482,KK500233,KK500233,
Scaffold483,KK500234,KK500234,
Scaffold484,KK500235,KK500235,
Scaffold485,KK500236,KK500236,
Scaffold486,KK500237,KK500237,
Scaffold487,KK500238,KK500238,
Scaffold488,KK500239,KK500239,
Scaffold489,KK500240,KK500240,
Scaffold490,KK500241,KK500241,
Scaffold491,JMRQ01004782,JMRQ01004782,
Scaffold492,JMRQ01004783,JMRQ01004783,
Scaffold493,KK500242,KK500242,
Scaffold494,KK500243,KK500243,
Scaffold495,KK500244,KK500244,
Scaffold496,KK500245,KK500245,
Scaffold497,KK500246,KK500246,
Scaffold498,KK500247,KK500247,
Scaffold499,KK500248,KK500248,
Scaffold500,KK500249,KK500249,
Scaffold501,KK500250,KK500250,
Scaffold502,KK500251,KK500251,
Scaffold503,KK500252,KK500252,
Scaffold504,KK500253,KK500253,
Scaffold505,KK500254,KK500254,
Scaffold506,KK500255,KK500255,
Scaffold507,KK500256,KK500256,
Scaffold508,KK500257,KK500257,
Scaffold509,KK500258,KK500258,
Scaffold510,KK500259,KK500259,
Scaffold511,KK500260,KK500260,
Scaffold512,JMRQ01004935,JMRQ01004935,
Scaffold513,KK500261,KK500261,
Scaffold514,KK500262,KK500262,
Scaffold515,KK500263,KK500263,
Scaffold516,KK500264,KK500264,
Scaffold517,KK500265,KK500265,
Scaffold518,KK500266,KK500266,
Scaffold519,KK500267,KK500267,
Scaffold520,KK500268,KK500268,
Scaffold521,KK500269,KK500269,
Scaffold522,KK500270,KK500270,
Scaffold523,KK500271,KK500271,
Scaffold524,KK500272,KK500272,
Scaffold525,KK500273,KK500273,
Scaffold526,KK500274,KK500274,
Scaffold527,KK500275,KK500275,
Scaffold528,KK500276,KK500276,
Scaffold529,KK500277,KK500277,
Scaffold530,KK500278,KK500278,
Scaffold531,KK500279,KK500279,
Scaffold532,KK500280,KK500280,
Scaffold533,KK500281,KK500281,
Scaffold534,KK500282,KK500282,
Scaffold535,KK500283,KK500283,
Scaffold536,KK500284,KK500284,
Scaffold537,KK500285,KK500285,
Scaffold538,KK500286,KK500286,
Scaffold539,KK500287,KK500287,
Scaffold540,JMRQ01005086,JMRQ01005086,
Scaffold541,KK500288,KK500288,
Scaffold542,KK500289,KK500289,
Scaffold543,KK500290,KK500290,
Scaffold544,KK500291,KK500291,
Scaffold545,KK500292,KK500292,
Scaffold546,KK500293,KK500293,
Scaffold547,KK500294,KK500294,
Scaffold548,KK500295,KK500295,
Scaffold549,JMRQ01005129,JMRQ01005129,
Scaffold550,KK500296,KK500296,
Scaffold551,KK500297,KK500297,
Scaffold552,KK500298,KK500298,
Scaffold553,KK500299,KK500299,
Scaffold554,KK500300,KK500300,
Scaffold555,JMRQ01005155,JMRQ01005155,
Scaffold556,KK500301,KK500301,
Scaffold557,KK500302,KK500302,
Scaffold558,KK500303,KK500303,
Scaffold559,KK500304,KK500304,
Scaffold560,KK500305,KK500305,
Scaffold561,KK500306,KK500306,
Scaffold562,KK500307,KK500307,
Scaffold563,KK500308,KK500308,
Scaffold564,JMRQ01005190,JMRQ01005190,
Scaffold565,KK500309,KK500309,
Scaffold566,KK500310,KK500310,
Scaffold567,KK500311,KK500311,
Scaffold568,KK500312,KK500312,
Scaffold569,KK500313,KK500313,
Scaffold570,JMRQ01005212,JMRQ01005212,
Scaffold571,KK500314,KK500314,
Scaffold572,KK500315,KK500315,
Scaffold573,KK500316,KK500316,
Scaffold574,KK500317,KK500317,
Scaffold575,JMRQ01005228,JMRQ01005228,
Scaffold576,KK500318,KK500318,
Scaffold577,KK500319,KK500319,
Scaffold578,KK500320,KK500320,
Scaffold579,KK500321,KK500321,
Scaffold580,KK500322,KK500322,
Scaffold581,KK500323,KK500323,
Scaffold582,KK500324,KK500324,
Scaffold583,KK500325,KK500325,
Scaffold584,JMRQ01005259,JMRQ01005259,
Scaffold585,KK500326,KK500326,
Scaffold586,KK500327,KK500327,
Scaffold587,KK500328,KK500328,
Scaffold588,KK500329,KK500329,
Scaffold589,KK500330,KK500330,
Scaffold590,KK500331,KK500331,
Scaffold591,KK500332,KK500332,
Scaffold592,KK500333,KK500333,
Scaffold593,KK500334,KK500334,
Scaffold594,KK500335,KK500335,
Scaffold595,KK500336,KK500336,
Scaffold596,KK500337,KK500337,
Scaffold597,KK500338,KK500338,
Scaffold598,KK500339,KK500339,
Scaffold599,KK500340,KK500340,
Scaffold600,KK500341,KK500341,
Scaffold601,KK500342,KK500342,
Scaffold602,KK500343,KK500343,
Scaffold603,KK500344,KK500344,
Scaffold604,KK500345,KK500345,
Scaffold605,KK500346,KK500346,
Scaffold606,KK500347,KK500347,
Scaffold607,JMRQ01005362,JMRQ01005362,
Scaffold608,KK500348,KK500348,
Scaffold609,KK500349,KK500349,
Scaffold610,KK500350,KK500350,
Scaffold611,JMRQ01005374,JMRQ01005374,
Scaffold612,JMRQ01005375,JMRQ01005375,
Scaffold613,KK500351,KK500351,
Scaffold614,KK500352,KK500352,
Scaffold615,KK500353,KK500353,
Scaffold616,JMRQ01005385,JMRQ01005385,
Scaffold617,KK500354,KK500354,
Scaffold618,KK500355,KK500355,
Scaffold619,KK500356,KK500356,
Scaffold620,KK500357,KK500357,
Scaffold621,KK500358,KK500358,
Scaffold622,KK500359,KK500359,
Scaffold623,KK500360,KK500360,
Scaffold624,KK500361,KK500361,
Scaffold625,KK500362,KK500362,
Scaffold626,KK500363,KK500363,
Scaffold627,KK500364,KK500364,
Scaffold628,KK500365,KK500365,
Scaffold629,KK500366,KK500366,
Scaffold630,KK500367,KK500367,
Scaffold631,KK500368,KK500368,
Scaffold632,KK500369,KK500369,
Scaffold633,KK500370,KK500370,
Scaffold634,JMRQ01005451,JMRQ01005451,
Scaffold635,KK500371,KK500371,
Scaffold636,KK500372,KK500372,
Scaffold637,KK500373,KK500373,
Scaffold638,JMRQ01005459,JMRQ01005459,
Scaffold639,JMRQ01005460,JMRQ01005460,
Scaffold640,KK500374,KK500374,
Scaffold641,KK500375,KK500375,
Scaffold642,KK500376,KK500376,
Scaffold643,KK500377,KK500377,
Scaffold644,KK500378,KK500378,
Scaffold645,KK500379,KK500379,
Scaffold646,KK500380,KK500380,
Scaffold647,KK500381,KK500381,
Scaffold648,KK500382,KK500382,
Scaffold649,KK500383,KK500383,
Scaffold650,JMRQ01005501,JMRQ01005501,
Scaffold651,KK500384,KK500384,
Scaffold652,KK500385,KK500385,
Scaffold653,KK500386,KK500386,
Scaffold654,KK500387,KK500387,
Scaffold655,KK500388,KK500388,
Scaffold656,JMRQ01005524,JMRQ01005524,
Scaffold657,KK500389,KK500389,
Scaffold658,KK500390,KK500390,
Scaffold659,JMRQ01005533,JMRQ01005533,
Scaffold660,KK500391,KK500391,
Scaffold661,KK500392,KK500392,
Scaffold662,KK500393,KK500393,
Scaffold663,KK500394,KK500394,
Scaffold664,JMRQ01005551,JMRQ01005551,
Scaffold665,KK500395,KK500395,
Scaffold666,KK500396,KK500396,
Scaffold667,KK500397,KK500397,
Scaffold668,JMRQ01005564,JMRQ01005564,
Scaffold669,KK500398,KK500398,
Scaffold670,KK500399,KK500399,
Scaffold671,KK500400,KK500400,
Scaffold672,KK500401,KK500401,
Scaffold673,KK500402,KK500402,
Scaffold674,JMRQ01005580,JMRQ01005580,
Scaffold675,KK500403,KK500403,
Scaffold676,KK500404,KK500404,
Scaffold677,KK500405,KK500405,
Scaffold678,KK500406,KK500406,
Scaffold679,KK500407,KK500407,
Scaffold680,KK500408,KK500408,
Scaffold681,KK500409,KK500409,
Scaffold682,KK500410,KK500410,
Scaffold683,KK500411,KK500411,
Scaffold684,KK500412,KK500412,
Scaffold685,KK500413,KK500413,
Scaffold686,KK500414,KK500414,
Scaffold687,KK500415,KK500415,
Scaffold688,KK500416,KK500416,
Scaffold689,KK500417,KK500417,
Scaffold690,KK500418,KK500418,
Scaffold691,KK500419,KK500419,
Scaffold692,KK500420,KK500420,
Scaffold693,KK500421,KK500421,
Scaffold694,KK500422,KK500422,
Scaffold695,KK500423,KK500423,
Scaffold696,KK500424,KK500424,
Scaffold697,KK500425,KK500425,
Scaffold698,KK500426,KK500426,
Scaffold699,KK500427,KK500427,
Scaffold700,KK500428,KK500428,
Scaffold701,KK500429,KK500429,
Scaffold702,KK500430,KK500430,
Scaffold703,KK500431,KK500431,
Scaffold704,KK500432,KK500432,
Scaffold705,KK500433,KK500433,
Scaffold706,KK500434,KK500434,
Scaffold707,KK500435,KK500435,
Scaffold708,KK500436,KK500436,
Scaffold709,KK500437,KK500437,
Scaffold710,KK500438,KK500438,
Scaffold711,JMRQ01005707,JMRQ01005707,
Scaffold712,KK500439,KK500439,
Scaffold713,KK500440,KK500440,
Scaffold714,KK500441,KK500441,
Scaffold715,KK500442,KK500442,
Scaffold716,JMRQ01005719,JMRQ01005719,
Scaffold717,JMRQ01005720,JMRQ01005720,
Scaffold718,KK500443,KK500443,
Scaffold719,KK500444,KK500444,
Scaffold720,KK500445,KK500445,
Scaffold721,KK500446,KK500446,
Scaffold722,KK500447,KK500447,
Scaffold723,KK500448,KK500448,
Scaffold724,KK500449,KK500449,
Scaffold725,KK500450,KK500450,
Scaffold726,JMRQ01005744,JMRQ01005744,
Scaffold727,KK500451,KK500451,
Scaffold728,JMRQ01005748,JMRQ01005748,
Scaffold729,KK500452,KK500452,
Scaffold730,KK500453,KK500453,
Scaffold731,KK500454,KK500454,
Scaffold732,KK500455,KK500455,
Scaffold733,KK500456,KK500456,
Scaffold734,JMRQ01005762,JMRQ01005762,
Scaffold735,JMRQ01005763,JMRQ01005763,
Scaffold736,KK500457,KK500457,
Scaffold737,JMRQ01005766,JMRQ01005766,
Scaffold738,KK500458,KK500458,
Scaffold739,JMRQ01005772,JMRQ01005772,
Scaffold740,KK500459,KK500459,
Scaffold741,KK500460,KK500460,
Scaffold742,KK500461,KK500461,
Scaffold743,KK500462,KK500462,
Scaffold744,JMRQ01005785,JMRQ01005785,
Scaffold745,KK500463,KK500463,
Scaffold746,KK500464,KK500464,
Scaffold747,JMRQ01005792,JMRQ01005792,
Scaffold748,KK500465,KK500465,
Scaffold749,KK500466,KK500466,
Scaffold750,KK500467,KK500467,
Scaffold751,KK500468,KK500468,
Scaffold752,JMRQ01005807,JMRQ01005807,
Scaffold753,KK500469,KK500469,
Scaffold754,KK500470,KK500470,
Scaffold755,JMRQ01005815,JMRQ01005815,
Scaffold756,KK500471,KK500471,
Scaffold757,JMRQ01005820,JMRQ01005820,
Scaffold758,JMRQ01005821,JMRQ01005821,
Scaffold759,JMRQ01005822,JMRQ01005822,
Scaffold760,JMRQ01005823,JMRQ01005823,
Scaffold761,JMRQ01005824,JMRQ01005824,
Scaffold762,JMRQ01005825,JMRQ01005825,
Scaffold763,JMRQ01005826,JMRQ01005826,
Scaffold764,JMRQ01005827,JMRQ01005827,
Scaffold765,JMRQ01005828,JMRQ01005828,
Scaffold766,JMRQ01005829,JMRQ01005829,
Scaffold767,KK500472,KK500472,
Scaffold768,KK500473,KK500473,
Scaffold769,JMRQ01005835,JMRQ01005835,
Scaffold770,JMRQ01005836,JMRQ01005836,
Scaffold771,KK500474,KK500474,
Scaffold772,JMRQ01005839,JMRQ01005839,
Scaffold773,JMRQ01005840,JMRQ01005840,
Scaffold774,JMRQ01005841,JMRQ01005841,
Scaffold775,KK500475,KK500475,
Scaffold776,KK500476,KK500476,
Scaffold777,JMRQ01005847,JMRQ01005847,
Scaffold778,JMRQ01005848,JMRQ01005848,
Scaffold779,JMRQ01005849,JMRQ01005849,
Scaffold780,JMRQ01005850,JMRQ01005850,
Scaffold781,JMRQ01005851,JMRQ01005851,
Scaffold782,JMRQ01005852,JMRQ01005852,
Scaffold783,JMRQ01005853,JMRQ01005853,
Scaffold784,JMRQ01005854,JMRQ01005854,
Scaffold785,KK500477,KK500477,
Scaffold786,JMRQ01005857,JMRQ01005857,
Scaffold787,KK500478,KK500478,
Scaffold788,KK500479,KK500479,
Scaffold789,KK500480,KK500480,
Scaffold790,KK500481,KK500481,
Scaffold791,JMRQ01005867,JMRQ01005867,
Scaffold792,JMRQ01005868,JMRQ01005868,
Scaffold793,JMRQ01005869,JMRQ01005869,
Scaffold794,JMRQ01005870,JMRQ01005870,
Scaffold795,JMRQ01005871,JMRQ01005871,
Scaffold796,JMRQ01005872,JMRQ01005872,
Scaffold797,JMRQ01005873,JMRQ01005873,
Scaffold798,JMRQ01005874,JMRQ01005874,
Scaffold799,JMRQ01005875,JMRQ01005875,
Scaffold800,JMRQ01005876,JMRQ01005876,
Scaffold801,JMRQ01005877,JMRQ01005877,
Scaffold802,JMRQ01005878,JMRQ01005878,
Scaffold803,JMRQ01005879,JMRQ01005879,
Scaffold804,JMRQ01005880,JMRQ01005880,
Scaffold805,KK500482,KK500482,
Scaffold806,KK500483,KK500483,
Scaffold807,KK500484,KK500484,
Scaffold808,KK500485,KK500485,
Scaffold809,KK500486,KK500486,
Scaffold810,JMRQ01005892,JMRQ01005892,
Scaffold811,KK500487,KK500487,
Scaffold812,KK500488,KK500488,
Scaffold813,JMRQ01005897,JMRQ01005897,
Scaffold814,KK500489,KK500489,
Scaffold815,JMRQ01005900,JMRQ01005900,
Scaffold816,KK500490,KK500490,
Scaffold817,KK500491,KK500491,
Scaffold818,JMRQ01005905,JMRQ01005905,
Scaffold819,JMRQ01005906,JMRQ01005906,
Scaffold820,KK500492,KK500492,
Scaffold821,JMRQ01005909,JMRQ01005909,
Scaffold822,JMRQ01005910,JMRQ01005910,
Scaffold823,JMRQ01005911,JMRQ01005911,
Scaffold824,JMRQ01005912,JMRQ01005912,
Scaffold825,KK500493,KK500493,
Scaffold826,KK500494,KK500494,
Scaffold827,KK500495,KK500495,
Scaffold828,JMRQ01005919,JMRQ01005919,
Scaffold829,JMRQ01005920,JMRQ01005920,
Scaffold830,JMRQ01005921,JMRQ01005921,
Scaffold831,KK500496,KK500496,
Scaffold832,JMRQ01005925,JMRQ01005925,
Scaffold833,KK500497,KK500497,
Scaffold834,JMRQ01005928,JMRQ01005928,
Scaffold835,JMRQ01005929,JMRQ01005929,
Scaffold836,KK500498,KK500498,
Scaffold837,JMRQ01005932,JMRQ01005932,
Scaffold838,KK500499,KK500499,
Scaffold839,JMRQ01005935,JMRQ01005935,
Scaffold840,JMRQ01005936,JMRQ01005936,
Scaffold841,JMRQ01005937,JMRQ01005937,
Scaffold842,JMRQ01005938,JMRQ01005938,
Scaffold843,JMRQ01005939,JMRQ01005939,
Scaffold844,JMRQ01005940,JMRQ01005940,
Scaffold845,JMRQ01005941,JMRQ01005941,
Scaffold846,JMRQ01005942,JMRQ01005942,
Scaffold847,KK500500,KK500500,
Scaffold848,JMRQ01005945,JMRQ01005945,
Scaffold849,KK500501,KK500501,
Scaffold850,JMRQ01005948,JMRQ01005948,
Scaffold851,JMRQ01005949,JMRQ01005949,
Scaffold852,JMRQ01005950,JMRQ01005950,
Scaffold853,KK500502,KK500502,
Scaffold854,JMRQ01005953,JMRQ01005953,
Scaffold855,JMRQ01005954,JMRQ01005954,
Scaffold856,KK500503,KK500503,
Scaffold857,KK500504,KK500504,
Scaffold858,KK500505,KK500505,
Scaffold859,KK500506,KK500506,
Scaffold860,KK500507,KK500507,
Scaffold861,JMRQ01005965,JMRQ01005965,
Scaffold862,JMRQ01005966,JMRQ01005966,
Scaffold863,JMRQ01005967,JMRQ01005967,
Scaffold864,JMRQ01005968,JMRQ01005968,
Scaffold865,KK500508,KK500508,
Scaffold866,JMRQ01005971,JMRQ01005971,
Scaffold867,JMRQ01005972,JMRQ01005972,
Scaffold868,KK500509,KK500509,
Scaffold869,JMRQ01005975,JMRQ01005975,
Scaffold870,KK500510,KK500510,
Scaffold871,JMRQ01005978,JMRQ01005978,
Scaffold872,KK500511,KK500511,
Scaffold873,KK500512,KK500512,
Scaffold874,JMRQ01005983,JMRQ01005983,
Scaffold875,JMRQ01005984,JMRQ01005984,
Scaffold876,JMRQ01005985,JMRQ01005985,
Scaffold877,JMRQ01005986,JMRQ01005986,
Scaffold878,JMRQ01005987,JMRQ01005987,
Scaffold879,JMRQ01005988,JMRQ01005988,
Scaffold880,KK500513,KK500513,
Scaffold881,JMRQ01005991,JMRQ01005991,
Scaffold882,JMRQ01005992,JMRQ01005992,
Scaffold883,JMRQ01005993,JMRQ01005993,
Scaffold884,KK500514,KK500514,
Scaffold885,JMRQ01005996,JMRQ01005996,
Scaffold886,JMRQ01005997,JMRQ01005997,
Scaffold887,KK500515,KK500515,
Scaffold888,JMRQ01006000,JMRQ01006000,
Scaffold889,JMRQ01006001,JMRQ01006001,
Scaffold890,JMRQ01006002,JMRQ01006002,
Scaffold891,JMRQ01006003,JMRQ01006003,
Scaffold892,KK500516,KK500516,
Scaffold893,KK500517,KK500517,
Scaffold894,KK500518,KK500518,
Scaffold895,JMRQ01006010,JMRQ01006010,
Scaffold896,JMRQ01006011,JMRQ01006011,
Scaffold897,JMRQ01006012,JMRQ01006012,
Scaffold898,JMRQ01006013,JMRQ01006013,
Scaffold899,JMRQ01006014,JMRQ01006014,
Scaffold900,KK500519,KK500519,
Scaffold901,JMRQ01006017,JMRQ01006017,
Scaffold902,JMRQ01006018,JMRQ01006018,
Scaffold903,JMRQ01006019,JMRQ01006019,
Scaffold904,KK500520,KK500520,
Scaffold905,JMRQ01006022,JMRQ01006022,
Scaffold906,JMRQ01006023,JMRQ01006023,
Scaffold907,JMRQ01006024,JMRQ01006024,
Scaffold908,JMRQ01006025,JMRQ01006025,
Scaffold909,JMRQ01006026,JMRQ01006026,
Scaffold910,JMRQ01006027,JMRQ01006027,
Scaffold911,JMRQ01006028,JMRQ01006028,
Scaffold912,JMRQ01006029,JMRQ01006029,
Scaffold913,JMRQ01006030,JMRQ01006030,
Scaffold914,KK500521,KK500521,
Scaffold915,KK500522,KK500522,
Scaffold916,KK500523,KK500523,
Scaffold917,JMRQ01006037,JMRQ01006037,
Scaffold918,JMRQ01006038,JMRQ01006038,
Scaffold919,JMRQ01006039,JMRQ01006039,
Scaffold920,JMRQ01006040,JMRQ01006040,
Scaffold921,KK500524,KK500524,
Scaffold922,KK500525,KK500525,
Scaffold923,JMRQ01006045,JMRQ01006045,
Scaffold924,JMRQ01006046,JMRQ01006046,
Scaffold925,JMRQ01006047,JMRQ01006047,
Scaffold926,KK500526,KK500526,
Scaffold927,JMRQ01006050,JMRQ01006050,
Scaffold928,JMRQ01006051,JMRQ01006051,
Scaffold929,KK500527,KK500527,
Scaffold930,JMRQ01006054,JMRQ01006054,
Scaffold931,JMRQ01006055,JMRQ01006055,
Scaffold932,JMRQ01006056,JMRQ01006056,
Scaffold933,JMRQ01006057,JMRQ01006057,
Scaffold934,JMRQ01006058,JMRQ01006058,
Scaffold935,JMRQ01006059,JMRQ01006059,
Scaffold936,KK500528,KK500528,
Scaffold937,JMRQ01006062,JMRQ01006062,
Scaffold938,JMRQ01006063,JMRQ01006063,
Scaffold939,JMRQ01006064,JMRQ01006064,
Scaffold940,KK500529,KK500529,
Scaffold941,JMRQ01006067,JMRQ01006067,
Scaffold942,JMRQ01006068,JMRQ01006068,
Scaffold943,JMRQ01006069,JMRQ01006069,
Scaffold944,JMRQ01006070,JMRQ01006070,
Scaffold945,JMRQ01006071,JMRQ01006071,
Scaffold946,JMRQ01006072,JMRQ01006072,
Scaffold947,KK500530,KK500530,
Scaffold948,KK500531,KK500531,
Scaffold949,JMRQ01006077,JMRQ01006077,
Scaffold950,KK500532,KK500532,
Scaffold951,JMRQ01006080,JMRQ01006080,
Scaffold952,JMRQ01006081,JMRQ01006081,
Scaffold953,JMRQ01006082,JMRQ01006082,
Scaffold954,JMRQ01006083,JMRQ01006083,
Scaffold955,JMRQ01006084,JMRQ01006084,
Scaffold956,KK500533,KK500533,
Scaffold957,KK500534,KK500534,
Scaffold958,JMRQ01006089,JMRQ01006089,
Scaffold959,JMRQ01006090,JMRQ01006090,
Scaffold960,JMRQ01006091,JMRQ01006091,
Scaffold961,JMRQ01006092,JMRQ01006092,
Scaffold962,JMRQ01006093,JMRQ01006093,
Scaffold963,JMRQ01006094,JMRQ01006094,
Scaffold964,JMRQ01006095,JMRQ01006095,
Scaffold965,JMRQ01006096,JMRQ01006096,
Scaffold966,JMRQ01006097,JMRQ01006097,
Scaffold967,JMRQ01006098,JMRQ01006098,
Scaffold968,JMRQ01006099,JMRQ01006099,
Scaffold969,JMRQ01006100,JMRQ01006100,
Scaffold970,JMRQ01006101,JMRQ01006101,
Scaffold971,JMRQ01006102,JMRQ01006102,
Scaffold972,JMRQ01006103,JMRQ01006103,
Scaffold973,JMRQ01006104,JMRQ01006104,
Scaffold974,JMRQ01006105,JMRQ01006105,
Scaffold975,JMRQ01006106,JMRQ01006106,
Scaffold976,JMRQ01006107,JMRQ01006107,
Scaffold977,JMRQ01006108,JMRQ01006108,
Scaffold978,JMRQ01006109,JMRQ01006109,
Scaffold979,JMRQ01006110,JMRQ01006110,
Scaffold980,JMRQ01006111,JMRQ01006111,
Scaffold981,JMRQ01006112,JMRQ01006112,
Scaffold982,JMRQ01006113,JMRQ01006113,
Scaffold983,JMRQ01006114,JMRQ01006114,
Scaffold984,JMRQ01006115,JMRQ01006115,
Scaffold985,JMRQ01006116,JMRQ01006116,
Scaffold986,JMRQ01006117,JMRQ01006117,
Scaffold987,JMRQ01006118,JMRQ01006118,
Scaffold988,KK500535,KK500535,
Scaffold989,JMRQ01006121,JMRQ01006121,
Scaffold990,JMRQ01006122,JMRQ01006122,
Scaffold991,JMRQ01006123,JMRQ01006123,
Scaffold992,JMRQ01006124,JMRQ01006124,
Scaffold993,JMRQ01006125,JMRQ01006125,
Scaffold994,JMRQ01006126,JMRQ01006126,
Scaffold995,JMRQ01006127,JMRQ01006127,
Scaffold996,JMRQ01006128,JMRQ01006128,
Scaffold997,JMRQ01006129,JMRQ01006129,
Scaffold998,JMRQ01006130,JMRQ01006130,
Scaffold999,JMRQ01006131,JMRQ01006131,
Scaffold1000,JMRQ01006132,JMRQ01006132,
Scaffold1001,KK500536,KK500536,
Scaffold1002,JMRQ01006135,JMRQ01006135,
Scaffold1003,JMRQ01006136,JMRQ01006136,
Scaffold1004,JMRQ01006137,JMRQ01006137,
Scaffold1005,JMRQ01006138,JMRQ01006138,
Scaffold1006,JMRQ01006139,JMRQ01006139,
Scaffold1007,JMRQ01006140,JMRQ01006140,
Scaffold1008,JMRQ01006141,JMRQ01006141,
Scaffold1009,JMRQ01006142,JMRQ01006142,
Scaffold1010,JMRQ01006143,JMRQ01006143,
Scaffold1011,JMRQ01006144,JMRQ01006144,
Scaffold1012,JMRQ01006145,JMRQ01006145,
Scaffold1013,JMRQ01006146,JMRQ01006146,
Scaffold1014,JMRQ01006147,JMRQ01006147,
Scaffold1015,JMRQ01006148,JMRQ01006148,
Scaffold1016,JMRQ01006149,JMRQ01006149,
Scaffold1017,JMRQ01006150,JMRQ01006150,
Scaffold1018,JMRQ01006151,JMRQ01006151,
Scaffold1019,JMRQ01006152,JMRQ01006152,
Scaffold1020,JMRQ01006153,JMRQ01006153,
Scaffold1021,JMRQ01006154,JMRQ01006154,
Scaffold1022,JMRQ01006155,JMRQ01006155,
Scaffold1023,JMRQ01006156,JMRQ01006156,
Scaffold1024,JMRQ01006157,JMRQ01006157,
Scaffold1025,JMRQ01006158,JMRQ01006158,
Scaffold1026,JMRQ01006159,JMRQ01006159,
Scaffold1027,JMRQ01006160,JMRQ01006160,
Scaffold1028,JMRQ01006161,JMRQ01006161,
Scaffold1029,JMRQ01006162,JMRQ01006162,
Scaffold1030,JMRQ01006163,JMRQ01006163,
Scaffold1031,JMRQ01006164,JMRQ01006164,
Scaffold1032,JMRQ01006165,JMRQ01006165,
Scaffold1033,JMRQ01006166,JMRQ01006166,
Scaffold1034,JMRQ01006167,JMRQ01006167,
Scaffold1035,JMRQ01006168,JMRQ01006168,
Scaffold1036,JMRQ01006169,JMRQ01006169,
Scaffold1037,JMRQ01006170,JMRQ01006170,
Scaffold1038,JMRQ01006171,JMRQ01006171,
Scaffold1039,JMRQ01006172,JMRQ01006172,
Scaffold1040,JMRQ01006173,JMRQ01006173,
Scaffold1041,JMRQ01006174,JMRQ01006174,
Scaffold1042,JMRQ01006175,JMRQ01006175,
Scaffold1043,JMRQ01006176,JMRQ01006176,
Scaffold1044,JMRQ01006177,JMRQ01006177,
Scaffold1045,JMRQ01006178,JMRQ01006178,
Scaffold1046,JMRQ01006179,JMRQ01006179,
Scaffold1047,JMRQ01006180,JMRQ01006180,
Scaffold1048,JMRQ01006181,JMRQ01006181,
Scaffold1049,JMRQ01006182,JMRQ01006182,
Scaffold1050,JMRQ01006183,JMRQ01006183,
Scaffold1051,JMRQ01006184,JMRQ01006184,
Scaffold1052,JMRQ01006185,JMRQ01006185,
Scaffold1053,JMRQ01006186,JMRQ01006186,
Scaffold1054,JMRQ01006187,JMRQ01006187,
Scaffold1055,JMRQ01006188,JMRQ01006188,
Scaffold1056,KK500537,KK500537,
Scaffold1057,JMRQ01006191,JMRQ01006191,
Scaffold1058,JMRQ01006192,JMRQ01006192,
Scaffold1059,JMRQ01006193,JMRQ01006193,
Scaffold1060,JMRQ01006194,JMRQ01006194,
Scaffold1061,JMRQ01006195,JMRQ01006195,
Scaffold1062,JMRQ01006196,JMRQ01006196,
Scaffold1063,JMRQ01006197,JMRQ01006197,
Scaffold1064,JMRQ01006198,JMRQ01006198,
Scaffold1065,JMRQ01006199,JMRQ01006199,
Scaffold1066,JMRQ01006200,JMRQ01006200,
Scaffold1067,JMRQ01006201,JMRQ01006201,
Scaffold1068,JMRQ01006202,JMRQ01006202,
Scaffold1069,JMRQ01006203,JMRQ01006203,
Scaffold1070,JMRQ01006204,JMRQ01006204,
Scaffold1071,JMRQ01006205,JMRQ01006205,
Scaffold1072,JMRQ01006206,JMRQ01006206,
Scaffold1073,JMRQ01006207,JMRQ01006207,
Scaffold1074,JMRQ01006208,JMRQ01006208,
Scaffold1075,JMRQ01006209,JMRQ01006209,
Scaffold1076,JMRQ01006210,JMRQ01006210,
Scaffold1077,JMRQ01006211,JMRQ01006211,
Scaffold1078,JMRQ01006212,JMRQ01006212,
Scaffold1079,JMRQ01006213,JMRQ01006213,
Scaffold1080,JMRQ01006214,JMRQ01006214,
Scaffold1081,JMRQ01006215,JMRQ01006215,
Scaffold1082,JMRQ01006216,JMRQ01006216,
Scaffold1083,JMRQ01006217,JMRQ01006217,
Scaffold1084,JMRQ01006218,JMRQ01006218,
Scaffold1085,JMRQ01006219,JMRQ01006219,
Scaffold1086,JMRQ01006220,JMRQ01006220,
Scaffold1087,JMRQ01006221,JMRQ01006221,
Scaffold1088,JMRQ01006222,JMRQ01006222,
Scaffold1089,JMRQ01006223,JMRQ01006223,
Scaffold1090,JMRQ01006224,JMRQ01006224,
Scaffold1091,JMRQ01006225,JMRQ01006225,
Scaffold1092,JMRQ01006226,JMRQ01006226,
Scaffold1093,JMRQ01006227,JMRQ01006227,
Scaffold1094,JMRQ01006228,JMRQ01006228,
Scaffold1095,JMRQ01006229,JMRQ01006229,
Scaffold1096,JMRQ01006230,JMRQ01006230,
Scaffold1097,JMRQ01006231,JMRQ01006231,
Scaffold1098,JMRQ01006232,JMRQ01006232,
Scaffold1099,JMRQ01006233,JMRQ01006233,
Scaffold1100,JMRQ01006234,JMRQ01006234,
Scaffold1101,JMRQ01006235,JMRQ01006235,
Scaffold1102,JMRQ01006236,JMRQ01006236,
Scaffold1103,JMRQ01006237,JMRQ01006237,
Scaffold1104,JMRQ01006238,JMRQ01006238,
Scaffold1105,JMRQ01006239,JMRQ01006239,
Scaffold1106,JMRQ01006240,JMRQ01006240,
Scaffold1107,JMRQ01006241,JMRQ01006241,
Scaffold1108,JMRQ01006242,JMRQ01006242,
Scaffold1109,JMRQ01006243,JMRQ01006243,
Scaffold1110,JMRQ01006244,JMRQ01006244,
Scaffold1111,JMRQ01006245,JMRQ01006245,
Scaffold1112,JMRQ01006246,JMRQ01006246,
Scaffold1113,JMRQ01006247,JMRQ01006247,
Scaffold1114,JMRQ01006248,JMRQ01006248,
Scaffold1115,JMRQ01006249,JMRQ01006249,
Scaffold1116,JMRQ01006250,JMRQ01006250,
Scaffold1117,JMRQ01006251,JMRQ01006251,
Scaffold1118,JMRQ01006252,JMRQ01006252,
Scaffold1119,JMRQ01006253,JMRQ01006253,
Scaffold1120,JMRQ01006254,JMRQ01006254,
Scaffold1121,JMRQ01006255,JMRQ01006255,
Scaffold1122,JMRQ01006256,JMRQ01006256,
Scaffold1123,JMRQ01006257,JMRQ01006257,
Scaffold1124,JMRQ01006258,JMRQ01006258,
Scaffold1125,JMRQ01006259,JMRQ01006259,
Scaffold1126,JMRQ01006260,JMRQ01006260,
Scaffold1127,JMRQ01006261,JMRQ01006261,
Scaffold1128,JMRQ01006262,JMRQ01006262,
Scaffold1129,JMRQ01006263,JMRQ01006263,
Scaffold1130,JMRQ01006264,JMRQ01006264,
Scaffold1131,JMRQ01006265,JMRQ01006265,
Scaffold1132,JMRQ01006266,JMRQ01006266,
Scaffold1133,JMRQ01006267,JMRQ01006267,
Scaffold1134,JMRQ01006268,JMRQ01006268,
Scaffold1135,JMRQ01006269,JMRQ01006269,
Scaffold1136,JMRQ01006270,JMRQ01006270,
Scaffold1137,JMRQ01006271,JMRQ01006271,
Scaffold1138,JMRQ01006272,JMRQ01006272,
Scaffold1139,JMRQ01006273,JMRQ01006273,
Scaffold1140,JMRQ01006274,JMRQ01006274,
Scaffold1141,JMRQ01006275,JMRQ01006275,
Scaffold1142,JMRQ01006276,JMRQ01006276,
Scaffold1143,JMRQ01006277,JMRQ01006277,
Scaffold1144,JMRQ01006278,JMRQ01006278,
Scaffold1145,JMRQ01006279,JMRQ01006279,
Scaffold1146,JMRQ01006280,JMRQ01006280,
Scaffold1147,JMRQ01006281,JMRQ01006281,
Scaffold1148,JMRQ01006282,JMRQ01006282,
Scaffold1149,JMRQ01006283,JMRQ01006283,
Scaffold1150,JMRQ01006284,JMRQ01006284,
Scaffold1151,JMRQ01006285,JMRQ01006285,
Scaffold1152,JMRQ01006286,JMRQ01006286,
Scaffold1153,JMRQ01006287,JMRQ01006287,
Scaffold1154,JMRQ01006288,JMRQ01006288,
Scaffold1155,JMRQ01006289,JMRQ01006289,
Scaffold1156,JMRQ01006290,JMRQ01006290,
Scaffold1157,JMRQ01006291,JMRQ01006291,
Scaffold1158,JMRQ01006292,JMRQ01006292,
Scaffold1159,JMRQ01006293,JMRQ01006293,
Scaffold1160,JMRQ01006294,JMRQ01006294,
Scaffold1161,JMRQ01006295,JMRQ01006295,
Scaffold1162,JMRQ01006296,JMRQ01006296,
Scaffold1163,JMRQ01006297,JMRQ01006297,
Scaffold1164,JMRQ01006298,JMRQ01006298,
Scaffold1165,JMRQ01006299,JMRQ01006299,
Scaffold1166,JMRQ01006300,JMRQ01006300,
Scaffold1167,JMRQ01006301,JMRQ01006301,
Scaffold1168,JMRQ01006302,JMRQ01006302,
Scaffold1169,JMRQ01006303,JMRQ01006303,
Scaffold1170,JMRQ01006304,JMRQ01006304,
Scaffold1171,JMRQ01006305,JMRQ01006305,
Scaffold1172,JMRQ01006306,JMRQ01006306,
Scaffold1173,JMRQ01006307,JMRQ01006307,
Scaffold1174,JMRQ01006308,JMRQ01006308,
Scaffold1175,JMRQ01006309,JMRQ01006309,
Scaffold1176,JMRQ01006310,JMRQ01006310,
Scaffold1177,JMRQ01006311,JMRQ01006311,
Scaffold1178,JMRQ01006312,JMRQ01006312,
Scaffold1179,JMRQ01006313,JMRQ01006313,
Scaffold1180,JMRQ01006314,JMRQ01006314,
Scaffold1181,JMRQ01006315,JMRQ01006315,
Scaffold1182,JMRQ01006316,JMRQ01006316,
Scaffold1183,JMRQ01006317,JMRQ01006317,
Scaffold1184,JMRQ01006318,JMRQ01006318,
Scaffold1185,JMRQ01006319,JMRQ01006319,
Scaffold1186,JMRQ01006320,JMRQ01006320,
Scaffold1187,JMRQ01006321,JMRQ01006321,
Scaffold1188,JMRQ01006322,JMRQ01006322,
Scaffold1189,JMRQ01006323,JMRQ01006323,
Scaffold1190,JMRQ01006324,JMRQ01006324,
Scaffold1191,JMRQ01006325,JMRQ01006325,
Scaffold1192,JMRQ01006326,JMRQ01006326,
Scaffold1193,JMRQ01006327,JMRQ01006327,
Scaffold1194,JMRQ01006328,JMRQ01006328,
Scaffold1195,JMRQ01006329,JMRQ01006329,
Scaffold1196,JMRQ01006330,JMRQ01006330,
Scaffold1197,JMRQ01006331,JMRQ01006331,
Scaffold1198,JMRQ01006332,JMRQ01006332,
Scaffold1199,JMRQ01006333,JMRQ01006333,
Scaffold1200,JMRQ01006334,JMRQ01006334,
Scaffold1201,JMRQ01006335,JMRQ01006335,
Scaffold1202,JMRQ01006336,JMRQ01006336,
Scaffold1203,JMRQ01006337,JMRQ01006337,
Scaffold1204,JMRQ01006338,JMRQ01006338,
Scaffold1205,JMRQ01006339,JMRQ01006339,
Scaffold1206,JMRQ01006340,JMRQ01006340,
Scaffold1207,JMRQ01006341,JMRQ01006341,
Scaffold1208,JMRQ01006342,JMRQ01006342,
Scaffold1209,JMRQ01006343,JMRQ01006343,
Scaffold1210,JMRQ01006344,JMRQ01006344,
Scaffold1211,JMRQ01006345,JMRQ01006345,
Scaffold1212,JMRQ01006346,JMRQ01006346,
Scaffold1213,JMRQ01006347,JMRQ01006347,
Scaffold1214,JMRQ01006348,JMRQ01006348,
Scaffold1215,JMRQ01006349,JMRQ01006349,
Scaffold1216,JMRQ01006350,JMRQ01006350,
Scaffold1217,JMRQ01006351,JMRQ01006351,
Scaffold1218,JMRQ01006352,JMRQ01006352,
Scaffold1219,JMRQ01006353,JMRQ01006353,
Scaffold1220,JMRQ01006354,JMRQ01006354,
Scaffold1221,JMRQ01006355,JMRQ01006355,
Scaffold1222,JMRQ01006356,JMRQ01006356,
Scaffold1223,JMRQ01006357,JMRQ01006357,
Scaffold1224,JMRQ01006358,JMRQ01006358,
Scaffold1225,JMRQ01006359,JMRQ01006359,
Scaffold1226,JMRQ01006360,JMRQ01006360,
Scaffold1227,JMRQ01006361,JMRQ01006361,
Scaffold1228,JMRQ01006362,JMRQ01006362,
Scaffold1229,JMRQ01006363,JMRQ01006363,
Scaffold1230,JMRQ01006364,JMRQ01006364,
Scaffold1231,JMRQ01006365,JMRQ01006365,
Scaffold1232,JMRQ01006366,JMRQ01006366,
Scaffold1233,JMRQ01006367,JMRQ01006367,
Scaffold1234,JMRQ01006368,JMRQ01006368,
Scaffold1235,JMRQ01006369,JMRQ01006369,
Scaffold1236,JMRQ01006370,JMRQ01006370,
Scaffold1237,JMRQ01006371,JMRQ01006371,
Scaffold1238,JMRQ01006372,JMRQ01006372,
Scaffold1239,JMRQ01006373,JMRQ01006373,
Scaffold1240,JMRQ01006374,JMRQ01006374,
Scaffold1241,JMRQ01006375,JMRQ01006375,
Scaffold1242,JMRQ01006376,JMRQ01006376,
Scaffold1243,JMRQ01006377,JMRQ01006377,
Scaffold1244,JMRQ01006378,JMRQ01006378,
Scaffold1245,JMRQ01006379,JMRQ01006379,
Scaffold1246,JMRQ01006380,JMRQ01006380,
Scaffold1247,JMRQ01006381,JMRQ01006381,
Scaffold1248,JMRQ01006382,JMRQ01006382,
Scaffold1249,JMRQ01006383,JMRQ01006383,
Scaffold1250,JMRQ01006384,JMRQ01006384,
Scaffold1251,JMRQ01006385,JMRQ01006385,
Scaffold1252,JMRQ01006386,JMRQ01006386,
Scaffold1253,JMRQ01006387,JMRQ01006387,
Scaffold1254,JMRQ01006388,JMRQ01006388,
Scaffold1255,JMRQ01006389,JMRQ01006389,
Scaffold1256,JMRQ01006390,JMRQ01006390,
Scaffold1257,JMRQ01006391,JMRQ01006391,
Scaffold1258,JMRQ01006392,JMRQ01006392,
Scaffold1259,JMRQ01006393,JMRQ01006393,
Scaffold1260,JMRQ01006394,JMRQ01006394,
Scaffold1261,JMRQ01006395,JMRQ01006395,
Scaffold1262,JMRQ01006396,JMRQ01006396,
Scaffold1263,JMRQ01006397,JMRQ01006397,
Scaffold1264,JMRQ01006398,JMRQ01006398,
Scaffold1265,JMRQ01006399,JMRQ01006399,
Scaffold1266,JMRQ01006400,JMRQ01006400,
Scaffold1267,JMRQ01006401,JMRQ01006401,
Scaffold1268,JMRQ01006402,JMRQ01006402,
Scaffold1269,JMRQ01006403,JMRQ01006403,
Scaffold1270,JMRQ01006404,JMRQ01006404,
Scaffold1271,JMRQ01006405,JMRQ01006405,
Scaffold1272,JMRQ01006406,JMRQ01006406,
Scaffold1273,JMRQ01006407,JMRQ01006407,
Scaffold1274,JMRQ01006408,JMRQ01006408,
Scaffold1275,JMRQ01006409,JMRQ01006409,
Scaffold1276,JMRQ01006410,JMRQ01006410,
Scaffold1277,JMRQ01006411,JMRQ01006411,
Scaffold1278,JMRQ01006412,JMRQ01006412,
Scaffold1279,JMRQ01006413,JMRQ01006413,
Scaffold1280,JMRQ01006414,JMRQ01006414,
Scaffold1281,JMRQ01006415,JMRQ01006415,
Scaffold1282,JMRQ01006416,JMRQ01006416,
Scaffold1283,JMRQ01006417,JMRQ01006417,
Scaffold1284,JMRQ01006418,JMRQ01006418,
Scaffold1285,JMRQ01006419,JMRQ01006419,
Scaffold1286,JMRQ01006420,JMRQ01006420,
Scaffold1287,JMRQ01006421,JMRQ01006421,
Scaffold1288,JMRQ01006422,JMRQ01006422,
Scaffold1289,JMRQ01006423,JMRQ01006423,
Scaffold1290,JMRQ01006424,JMRQ01006424,
Scaffold1291,JMRQ01006425,JMRQ01006425,
Scaffold1292,JMRQ01006426,JMRQ01006426,
Scaffold1293,JMRQ01006427,JMRQ01006427,
Scaffold1294,JMRQ01006428,JMRQ01006428,
Scaffold1295,JMRQ01006429,JMRQ01006429,
Scaffold1296,JMRQ01006430,JMRQ01006430,
Scaffold1297,JMRQ01006431,JMRQ01006431,
Scaffold1298,JMRQ01006432,JMRQ01006432,
Scaffold1299,JMRQ01006433,JMRQ01006433,
Scaffold1300,JMRQ01006434,JMRQ01006434,
Scaffold1301,JMRQ01006435,JMRQ01006435,
Scaffold1302,JMRQ01006436,JMRQ01006436,
Scaffold1303,JMRQ01006437,JMRQ01006437,
Scaffold1304,JMRQ01006438,JMRQ01006438,
Scaffold1305,JMRQ01006439,JMRQ01006439,
Scaffold1306,JMRQ01006440,JMRQ01006440,
Scaffold1307,JMRQ01006441,JMRQ01006441,
Scaffold1308,JMRQ01006442,JMRQ01006442,
Scaffold1309,JMRQ01006443,JMRQ01006443,
Scaffold1310,JMRQ01006444,JMRQ01006444,
Scaffold1311,JMRQ01006445,JMRQ01006445,
Scaffold1312,JMRQ01006446,JMRQ01006446,
Scaffold1313,JMRQ01006447,JMRQ01006447,
Scaffold1314,JMRQ01006448,JMRQ01006448,
Scaffold1315,JMRQ01006449,JMRQ01006449,
Scaffold1316,JMRQ01006450,JMRQ01006450,
Scaffold1317,JMRQ01006451,JMRQ01006451,
Scaffold1318,JMRQ01006452,JMRQ01006452,
Scaffold1319,JMRQ01006453,JMRQ01006453,
Scaffold1320,JMRQ01006454,JMRQ01006454,
Scaffold1321,JMRQ01006455,JMRQ01006455,
Scaffold1322,JMRQ01006456,JMRQ01006456,
Scaffold1323,JMRQ01006457,JMRQ01006457,
Scaffold1324,JMRQ01006458,JMRQ01006458,
Scaffold1325,JMRQ01006459,JMRQ01006459,
Scaffold1326,JMRQ01006460,JMRQ01006460,
Scaffold1327,JMRQ01006461,JMRQ01006461,
Scaffold1328,JMRQ01006462,JMRQ01006462,
Scaffold1329,JMRQ01006463,JMRQ01006463,
Scaffold1330,JMRQ01006464,JMRQ01006464,
Scaffold1331,JMRQ01006465,JMRQ01006465,
Scaffold1332,JMRQ01006466,JMRQ01006466,
Scaffold1333,JMRQ01006467,JMRQ01006467,
Scaffold1334,JMRQ01006468,JMRQ01006468,
Scaffold1335,JMRQ01006469,JMRQ01006469,
Scaffold1336,JMRQ01006470,JMRQ01006470,
Scaffold1337,JMRQ01006471,JMRQ01006471,
Scaffold1338,JMRQ01006472,JMRQ01006472,
Scaffold1339,JMRQ01006473,JMRQ01006473,
Scaffold1340,JMRQ01006474,JMRQ01006474,
Scaffold1341,JMRQ01006475,JMRQ01006475,
Scaffold1342,JMRQ01006476,JMRQ01006476,
Scaffold1343,JMRQ01006477,JMRQ01006477,
Scaffold1344,JMRQ01006478,JMRQ01006478,
Scaffold1345,JMRQ01006479,JMRQ01006479,
Scaffold1346,JMRQ01006480,JMRQ01006480,
Scaffold1347,JMRQ01006481,JMRQ01006481,
Scaffold1348,JMRQ01006482,JMRQ01006482,
Scaffold1349,JMRQ01006483,JMRQ01006483,
Scaffold1350,JMRQ01006484,JMRQ01006484,
Scaffold1351,JMRQ01006485,JMRQ01006485,
Scaffold1352,JMRQ01006486,JMRQ01006486,
Scaffold1353,JMRQ01006487,JMRQ01006487,
Scaffold1354,JMRQ01006488,JMRQ01006488,
Scaffold1355,JMRQ01006489,JMRQ01006489,
Scaffold1356,JMRQ01006490,JMRQ01006490,
Scaffold1357,JMRQ01006491,JMRQ01006491,
Scaffold1358,JMRQ01006492,JMRQ01006492,
Scaffold1359,JMRQ01006493,JMRQ01006493,
Scaffold1360,JMRQ01006494,JMRQ01006494,
Scaffold1361,JMRQ01006495,JMRQ01006495,
Scaffold1362,JMRQ01006496,JMRQ01006496,
Scaffold1363,JMRQ01006497,JMRQ01006497,
Scaffold1364,JMRQ01006498,JMRQ01006498,
Scaffold1365,JMRQ01006499,JMRQ01006499,
Scaffold1366,JMRQ01006500,JMRQ01006500,
Scaffold1367,JMRQ01006501,JMRQ01006501,
Scaffold1368,JMRQ01006502,JMRQ01006502,
Scaffold1369,JMRQ01006503,JMRQ01006503,
Scaffold1370,JMRQ01006504,JMRQ01006504,
Scaffold1371,JMRQ01006505,JMRQ01006505,
Scaffold1372,JMRQ01006506,JMRQ01006506,
Scaffold1373,JMRQ01006507,JMRQ01006507,
Scaffold1374,JMRQ01006508,JMRQ01006508,
Scaffold1375,JMRQ01006509,JMRQ01006509,
Scaffold1376,JMRQ01006510,JMRQ01006510,
Scaffold1377,JMRQ01006511,JMRQ01006511,
Scaffold1378,JMRQ01006512,JMRQ01006512,
Scaffold1379,JMRQ01006513,JMRQ01006513,
Scaffold1380,JMRQ01006514,JMRQ01006514,
Scaffold1381,JMRQ01006515,JMRQ01006515,
Scaffold1382,JMRQ01006516,JMRQ01006516,
Scaffold1383,JMRQ01006517,JMRQ01006517,
Scaffold1384,JMRQ01006518,JMRQ01006518,
Scaffold1385,JMRQ01006519,JMRQ01006519,
Scaffold1386,JMRQ01006520,JMRQ01006520,
Scaffold1387,JMRQ01006521,JMRQ01006521,
Scaffold1388,JMRQ01006522,JMRQ01006522,
Scaffold1389,JMRQ01006523,JMRQ01006523,
Scaffold1390,JMRQ01006524,JMRQ01006524,
Scaffold1391,JMRQ01006525,JMRQ01006525,
Scaffold1392,JMRQ01006526,JMRQ01006526,
Scaffold1393,JMRQ01006527,JMRQ01006527,
Scaffold1394,JMRQ01006528,JMRQ01006528,
Scaffold1395,JMRQ01006529,JMRQ01006529,
Scaffold1396,JMRQ01006530,JMRQ01006530,
Scaffold1397,JMRQ01006531,JMRQ01006531,
Scaffold1398,JMRQ01006532,JMRQ01006532,
Scaffold1399,JMRQ01006533,JMRQ01006533,
Scaffold1400,JMRQ01006534,JMRQ01006534,
Scaffold1401,JMRQ01006535,JMRQ01006535,
Scaffold1402,JMRQ01006536,JMRQ01006536,
Scaffold1403,JMRQ01006537,JMRQ01006537,
Scaffold1404,JMRQ01006538,JMRQ01006538,
Scaffold1405,JMRQ01006539,JMRQ01006539,
Scaffold1406,JMRQ01006540,JMRQ01006540,
Scaffold1407,JMRQ01006541,JMRQ01006541,
Scaffold1408,JMRQ01006542,JMRQ01006542,
Scaffold1409,JMRQ01006543,JMRQ01006543,
Scaffold1410,JMRQ01006544,JMRQ01006544,
Scaffold1411,JMRQ01006545,JMRQ01006545,
Scaffold1412,JMRQ01006546,JMRQ01006546,
Scaffold1413,JMRQ01006547,JMRQ01006547,
Scaffold1414,JMRQ01006548,JMRQ01006548,
Scaffold1415,JMRQ01006549,JMRQ01006549,
Scaffold1416,JMRQ01006550,JMRQ01006550,
Scaffold1417,JMRQ01006551,JMRQ01006551,
Scaffold1418,JMRQ01006552,JMRQ01006552,
Scaffold1419,JMRQ01006553,JMRQ01006553,
Scaffold1420,JMRQ01006554,JMRQ01006554,
Scaffold1421,JMRQ01006555,JMRQ01006555,
Scaffold1422,JMRQ01006556,JMRQ01006556,
Scaffold1423,JMRQ01006557,JMRQ01006557,
Scaffold1424,JMRQ01006558,JMRQ01006558,
Scaffold1425,JMRQ01006559,JMRQ01006559,
Scaffold1426,JMRQ01006560,JMRQ01006560,
Scaffold1427,JMRQ01006561,JMRQ01006561,
Scaffold1428,JMRQ01006562,JMRQ01006562,
Scaffold1429,JMRQ01006563,JMRQ01006563,
Scaffold1430,JMRQ01006564,JMRQ01006564,
Scaffold1431,JMRQ01006565,JMRQ01006565,
Scaffold1432,JMRQ01006566,JMRQ01006566,
Scaffold1433,JMRQ01006567,JMRQ01006567,
Scaffold1434,JMRQ01006568,JMRQ01006568,
Scaffold1435,JMRQ01006569,JMRQ01006569,
Scaffold1436,JMRQ01006570,JMRQ01006570,
Scaffold1437,JMRQ01006571,JMRQ01006571,
Scaffold1438,JMRQ01006572,JMRQ01006572,
Scaffold1439,JMRQ01006573,JMRQ01006573,
Scaffold1440,JMRQ01006574,JMRQ01006574,
Scaffold1441,JMRQ01006575,JMRQ01006575,
Scaffold1442,JMRQ01006576,JMRQ01006576,
Scaffold1443,JMRQ01006577,JMRQ01006577,
Scaffold1444,JMRQ01006578,JMRQ01006578,
Scaffold1445,JMRQ01006579,JMRQ01006579,
Scaffold1446,JMRQ01006580,JMRQ01006580,
Scaffold1447,JMRQ01006581,JMRQ01006581,
Scaffold1448,JMRQ01006582,JMRQ01006582,
Scaffold1449,JMRQ01006583,JMRQ01006583,
Scaffold1450,JMRQ01006584,JMRQ01006584,
Scaffold1451,JMRQ01006585,JMRQ01006585,
Scaffold1452,JMRQ01006586,JMRQ01006586,
Scaffold1453,JMRQ01006587,JMRQ01006587,
Scaffold1454,JMRQ01006588,JMRQ01006588,
Scaffold1455,JMRQ01006589,JMRQ01006589,
Scaffold1456,JMRQ01006590,JMRQ01006590,
Scaffold1457,JMRQ01006591,JMRQ01006591,
Scaffold1458,JMRQ01006592,JMRQ01006592,
Scaffold1459,JMRQ01006593,JMRQ01006593,
Scaffold1460,JMRQ01006594,JMRQ01006594,
Scaffold1461,JMRQ01006595,JMRQ01006595,
Scaffold1462,JMRQ01006596,JMRQ01006596,
Scaffold1463,JMRQ01006597,JMRQ01006597,
Scaffold1464,JMRQ01006598,JMRQ01006598,
Scaffold1465,JMRQ01006599,JMRQ01006599,
Scaffold1466,JMRQ01006600,JMRQ01006600,
Scaffold1467,JMRQ01006601,JMRQ01006601,
Scaffold1468,JMRQ01006602,JMRQ01006602,
Scaffold1469,JMRQ01006603,JMRQ01006603,
Scaffold1470,JMRQ01006604,JMRQ01006604,
Scaffold1471,JMRQ01006605,JMRQ01006605,
Scaffold1472,JMRQ01006606,JMRQ01006606,
Scaffold1473,JMRQ01006607,JMRQ01006607,
Scaffold1474,JMRQ01006608,JMRQ01006608,
Scaffold1475,JMRQ01006609,JMRQ01006609,
Scaffold1476,JMRQ01006610,JMRQ01006610,
Scaffold1477,JMRQ01006611,JMRQ01006611,
Scaffold1478,JMRQ01006612,JMRQ01006612,
Scaffold1479,JMRQ01006613,JMRQ01006613,
Scaffold1480,JMRQ01006614,JMRQ01006614,
Scaffold1481,JMRQ01006615,JMRQ01006615,
Scaffold1482,JMRQ01006616,JMRQ01006616,
Scaffold1483,JMRQ01006617,JMRQ01006617,
Scaffold1484,JMRQ01006618,JMRQ01006618,
Scaffold1485,JMRQ01006619,JMRQ01006619,
Scaffold1486,JMRQ01006620,JMRQ01006620,
Scaffold1487,JMRQ01006621,JMRQ01006621,
Scaffold1488,JMRQ01006622,JMRQ01006622,
Scaffold1489,JMRQ01006623,JMRQ01006623,
Scaffold1490,JMRQ01006624,JMRQ01006624,
Scaffold1491,JMRQ01006625,JMRQ01006625,
Scaffold1492,JMRQ01006626,JMRQ01006626,
Scaffold1493,JMRQ01006627,JMRQ01006627,
Scaffold1494,JMRQ01006628,JMRQ01006628,
Scaffold1495,JMRQ01006629,JMRQ01006629,
Scaffold1496,JMRQ01006630,JMRQ01006630,
Scaffold1497,JMRQ01006631,JMRQ01006631,
Scaffold1498,JMRQ01006632,JMRQ01006632,
Scaffold1499,JMRQ01006633,JMRQ01006633,
Scaffold1500,JMRQ01006634,JMRQ01006634,
Scaffold1501,JMRQ01006635,JMRQ01006635,
Scaffold1502,JMRQ01006636,JMRQ01006636,
Scaffold1503,JMRQ01006637,JMRQ01006637,
Scaffold1504,JMRQ01006638,JMRQ01006638,
Scaffold1505,JMRQ01006639,JMRQ01006639,
Scaffold1506,JMRQ01006640,JMRQ01006640,
Scaffold1507,JMRQ01006641,JMRQ01006641,
Scaffold1508,JMRQ01006642,JMRQ01006642,
Scaffold1509,JMRQ01006643,JMRQ01006643,
Scaffold1510,JMRQ01006644,JMRQ01006644,
Scaffold1511,JMRQ01006645,JMRQ01006645,
Scaffold1512,JMRQ01006646,JMRQ01006646,
Scaffold1513,JMRQ01006647,JMRQ01006647,
Scaffold1514,JMRQ01006648,JMRQ01006648,
Scaffold1515,JMRQ01006649,JMRQ01006649,
Scaffold1516,JMRQ01006650,JMRQ01006650,
Scaffold1517,JMRQ01006651,JMRQ01006651,
Scaffold1518,JMRQ01006652,JMRQ01006652,
Scaffold1519,JMRQ01006653,JMRQ01006653,
Scaffold1520,JMRQ01006654,JMRQ01006654,
Scaffold1521,JMRQ01006655,JMRQ01006655,
Scaffold1522,JMRQ01006656,JMRQ01006656,
Scaffold1523,JMRQ01006657,JMRQ01006657,
Scaffold1524,JMRQ01006658,JMRQ01006658,
Scaffold1525,JMRQ01006659,JMRQ01006659,
Scaffold1526,JMRQ01006660,JMRQ01006660,
Scaffold1527,JMRQ01006661,JMRQ01006661,
Scaffold1528,JMRQ01006662,JMRQ01006662,
Scaffold1529,JMRQ01006663,JMRQ01006663,
Scaffold1530,JMRQ01006664,JMRQ01006664,
Scaffold1531,JMRQ01006665,JMRQ01006665,
Scaffold1532,JMRQ01006666,JMRQ01006666,
Scaffold1533,JMRQ01006667,JMRQ01006667,
Scaffold1534,JMRQ01006668,JMRQ01006668,
Scaffold1535,JMRQ01006669,JMRQ01006669,
Scaffold1536,JMRQ01006670,JMRQ01006670,
Scaffold1537,JMRQ01006671,JMRQ01006671,
Scaffold1538,JMRQ01006672,JMRQ01006672,
Scaffold1539,JMRQ01006673,JMRQ01006673,
Scaffold1540,JMRQ01006674,JMRQ01006674,
Scaffold1541,JMRQ01006675,JMRQ01006675,
Scaffold1542,JMRQ01006676,JMRQ01006676,
Scaffold1543,JMRQ01006677,JMRQ01006677,
Scaffold1544,JMRQ01006678,JMRQ01006678,
Scaffold1545,JMRQ01006679,JMRQ01006679,
Scaffold1546,JMRQ01006680,JMRQ01006680,
Scaffold1547,JMRQ01006681,JMRQ01006681,
Scaffold1548,JMRQ01006682,JMRQ01006682,
Scaffold1549,JMRQ01006683,JMRQ01006683,
Scaffold1550,JMRQ01006684,JMRQ01006684,
Scaffold1551,JMRQ01006685,JMRQ01006685,
Scaffold1552,JMRQ01006686,JMRQ01006686,
Scaffold1553,JMRQ01006687,JMRQ01006687,
Scaffold1554,JMRQ01006688,JMRQ01006688,
Scaffold1555,JMRQ01006689,JMRQ01006689,
Scaffold1556,JMRQ01006690,JMRQ01006690,
Scaffold1557,JMRQ01006691,JMRQ01006691,
Scaffold1558,JMRQ01006692,JMRQ01006692,
Scaffold1559,JMRQ01006693,JMRQ01006693,
Scaffold1560,JMRQ01006694,JMRQ01006694,
Scaffold1561,JMRQ01006695,JMRQ01006695,
Scaffold1562,JMRQ01006696,JMRQ01006696,
Scaffold1563,JMRQ01006697,JMRQ01006697,
Scaffold1564,JMRQ01006698,JMRQ01006698,
Scaffold1565,JMRQ01006699,JMRQ01006699,
Scaffold1566,JMRQ01006700,JMRQ01006700,
Scaffold1567,JMRQ01006701,JMRQ01006701,
Scaffold1568,JMRQ01006702,JMRQ01006702,
Scaffold1569,JMRQ01006703,JMRQ01006703,
Scaffold1570,JMRQ01006704,JMRQ01006704,
Scaffold1571,JMRQ01006705,JMRQ01006705,
Scaffold1572,JMRQ01006706,JMRQ01006706,
Scaffold1573,JMRQ01006707,JMRQ01006707,
Scaffold1574,JMRQ01006708,JMRQ01006708,
Scaffold1575,JMRQ01006709,JMRQ01006709,
Scaffold1576,JMRQ01006710,JMRQ01006710,
Scaffold1577,JMRQ01006711,JMRQ01006711,
Scaffold1578,JMRQ01006712,JMRQ01006712,
Scaffold1579,JMRQ01006713,JMRQ01006713,
Scaffold1580,JMRQ01006714,JMRQ01006714,
Scaffold1581,JMRQ01006715,JMRQ01006715,
Scaffold1582,JMRQ01006716,JMRQ01006716,
Scaffold1583,JMRQ01006717,JMRQ01006717,
Scaffold1584,JMRQ01006718,JMRQ01006718,
Scaffold1585,JMRQ01006719,JMRQ01006719,
Scaffold1586,JMRQ01006720,JMRQ01006720,
Scaffold1587,JMRQ01006721,JMRQ01006721,
Scaffold1588,JMRQ01006722,JMRQ01006722,
Scaffold1589,JMRQ01006723,JMRQ01006723,
Scaffold1590,JMRQ01006724,JMRQ01006724,
Scaffold1591,JMRQ01006725,JMRQ01006725,
Scaffold1592,JMRQ01006726,JMRQ01006726,
Scaffold1593,JMRQ01006727,JMRQ01006727,
Scaffold1594,JMRQ01006728,JMRQ01006728,
Scaffold1595,JMRQ01006729,JMRQ01006729,
Scaffold1596,JMRQ01006730,JMRQ01006730,
Scaffold1597,JMRQ01006731,JMRQ01006731,
Scaffold1598,JMRQ01006732,JMRQ01006732,
Scaffold1599,JMRQ01006733,JMRQ01006733,
Scaffold1600,JMRQ01006734,JMRQ01006734,
Scaffold1601,JMRQ01006735,JMRQ01006735,
Scaffold1602,JMRQ01006736,JMRQ01006736,
Scaffold1603,JMRQ01006737,JMRQ01006737,
Scaffold1604,JMRQ01006738,JMRQ01006738,
Scaffold1605,JMRQ01006739,JMRQ01006739,
Scaffold1606,JMRQ01006740,JMRQ01006740,
Scaffold1607,JMRQ01006741,JMRQ01006741,
Scaffold1608,JMRQ01006742,JMRQ01006742,
Scaffold1609,JMRQ01006743,JMRQ01006743,
Scaffold1610,JMRQ01006744,JMRQ01006744,
Scaffold1611,JMRQ01006745,JMRQ01006745,
Scaffold1612,JMRQ01006746,JMRQ01006746,
Scaffold1613,JMRQ01006747,JMRQ01006747,
Scaffold1614,JMRQ01006748,JMRQ01006748,
Scaffold1615,JMRQ01006749,JMRQ01006749,
Scaffold1616,JMRQ01006750,JMRQ01006750,
Scaffold1617,JMRQ01006751,JMRQ01006751,
Scaffold1618,JMRQ01006752,JMRQ01006752,
Scaffold1619,JMRQ01006753,JMRQ01006753,
Scaffold1620,JMRQ01006754,JMRQ01006754,
Scaffold1621,JMRQ01006755,JMRQ01006755,
Scaffold1622,JMRQ01006756,JMRQ01006756,
Scaffold1623,JMRQ01006757,JMRQ01006757,
Scaffold1624,JMRQ01006758,JMRQ01006758,
Scaffold1625,JMRQ01006759,JMRQ01006759,
Scaffold1626,JMRQ01006760,JMRQ01006760,
Scaffold1627,JMRQ01006761,JMRQ01006761,
Scaffold1628,JMRQ01006762,JMRQ01006762,
Scaffold1629,JMRQ01006763,JMRQ01006763,
Scaffold1630,JMRQ01006764,JMRQ01006764,
Scaffold1631,JMRQ01006765,JMRQ01006765,
Scaffold1632,JMRQ01006766,JMRQ01006766,
Scaffold1633,JMRQ01006767,JMRQ01006767,
Scaffold1634,JMRQ01006768,JMRQ01006768,
Scaffold1635,JMRQ01006769,JMRQ01006769,
Scaffold1636,JMRQ01006770,JMRQ01006770,
Scaffold1637,JMRQ01006771,JMRQ01006771,
Scaffold1638,JMRQ01006772,JMRQ01006772,
Scaffold1639,JMRQ01006773,JMRQ01006773,
Scaffold1640,JMRQ01006774,JMRQ01006774,
Scaffold1641,JMRQ01006775,JMRQ01006775,
Scaffold1642,JMRQ01006776,JMRQ01006776,
Scaffold1643,JMRQ01006777,JMRQ01006777,
Scaffold1644,JMRQ01006778,JMRQ01006778,
Scaffold1645,JMRQ01006779,JMRQ01006779,
Scaffold1646,JMRQ01006780,JMRQ01006780,
Scaffold1647,JMRQ01006781,JMRQ01006781,
Scaffold1648,JMRQ01006782,JMRQ01006782,
Scaffold1649,JMRQ01006783,JMRQ01006783,
Scaffold1650,JMRQ01006784,JMRQ01006784,
Scaffold1651,JMRQ01006785,JMRQ01006785,
Scaffold1652,JMRQ01006786,JMRQ01006786,
Scaffold1653,JMRQ01006787,JMRQ01006787,
Scaffold1654,JMRQ01006788,JMRQ01006788,
Scaffold1655,JMRQ01006789,JMRQ01006789,
Scaffold1656,JMRQ01006790,JMRQ01006790,
Scaffold1657,JMRQ01006791,JMRQ01006791,
Scaffold1658,JMRQ01006792,JMRQ01006792,
Scaffold1659,JMRQ01006793,JMRQ01006793,
Scaffold1660,JMRQ01006794,JMRQ01006794,
Scaffold1661,JMRQ01006795,JMRQ01006795,
Scaffold1662,JMRQ01006796,JMRQ01006796,
Scaffold1663,JMRQ01006797,JMRQ01006797,
Scaffold1664,JMRQ01006798,JMRQ01006798,
Scaffold1665,JMRQ01006799,JMRQ01006799,
Scaffold1666,JMRQ01006800,JMRQ01006800,
Scaffold1667,JMRQ01006801,JMRQ01006801,
Scaffold1668,JMRQ01006802,JMRQ01006802,
Scaffold1669,JMRQ01006803,JMRQ01006803,
Scaffold1670,JMRQ01006804,JMRQ01006804,
Scaffold1671,JMRQ01006805,JMRQ01006805,
Scaffold1672,JMRQ01006806,JMRQ01006806,
Scaffold1673,JMRQ01006807,JMRQ01006807,
Scaffold1674,JMRQ01006808,JMRQ01006808,
Scaffold1675,JMRQ01006809,JMRQ01006809,
Scaffold1676,JMRQ01006810,JMRQ01006810,
Scaffold1677,JMRQ01006811,JMRQ01006811,
Scaffold1678,JMRQ01006812,JMRQ01006812,
Scaffold1679,JMRQ01006813,JMRQ01006813,
Scaffold1680,JMRQ01006814,JMRQ01006814,
Scaffold1681,JMRQ01006815,JMRQ01006815,
Scaffold1682,JMRQ01006816,JMRQ01006816,
Scaffold1683,JMRQ01006817,JMRQ01006817,
Scaffold1684,JMRQ01006818,JMRQ01006818,
Scaffold1685,JMRQ01006819,JMRQ01006819,
Scaffold1686,JMRQ01006820,JMRQ01006820,
Scaffold1687,JMRQ01006821,JMRQ01006821,
Scaffold1688,JMRQ01006822,JMRQ01006822,
Scaffold1689,JMRQ01006823,JMRQ01006823,
Scaffold1690,JMRQ01006824,JMRQ01006824,
Scaffold1691,JMRQ01006825,JMRQ01006825,
Scaffold1692,JMRQ01006826,JMRQ01006826,
Scaffold1693,JMRQ01006827,JMRQ01006827,
Scaffold1694,JMRQ01006828,JMRQ01006828,
Scaffold1695,JMRQ01006829,JMRQ01006829,
Scaffold1696,JMRQ01006830,JMRQ01006830,
Scaffold1697,JMRQ01006831,JMRQ01006831,
Scaffold1698,JMRQ01006832,JMRQ01006832,
Scaffold1699,JMRQ01006833,JMRQ01006833,
Scaffold1700,JMRQ01006834,JMRQ01006834,
Scaffold1701,JMRQ01006835,JMRQ01006835,
Scaffold1702,JMRQ01006836,JMRQ01006836,
Scaffold1703,JMRQ01006837,JMRQ01006837,
Scaffold1704,JMRQ01006838,JMRQ01006838,
Scaffold1705,JMRQ01006839,JMRQ01006839,
Scaffold1706,JMRQ01006840,JMRQ01006840,
Scaffold1707,JMRQ01006841,JMRQ01006841,
Scaffold1708,JMRQ01006842,JMRQ01006842,
Scaffold1709,JMRQ01006843,JMRQ01006843,
Scaffold1710,JMRQ01006844,JMRQ01006844,
Scaffold1711,JMRQ01006845,JMRQ01006845,
Scaffold1712,JMRQ01006846,JMRQ01006846,
Scaffold1713,JMRQ01006847,JMRQ01006847,
Scaffold1714,JMRQ01006848,JMRQ01006848,
Scaffold1715,JMRQ01006849,JMRQ01006849,
Scaffold1716,JMRQ01006850,JMRQ01006850,
Scaffold1717,JMRQ01006851,JMRQ01006851,
Scaffold1718,JMRQ01006852,JMRQ01006852,
Scaffold1719,JMRQ01006853,JMRQ01006853,
Scaffold1720,JMRQ01006854,JMRQ01006854,
Scaffold1721,JMRQ01006855,JMRQ01006855,
Scaffold1722,JMRQ01006856,JMRQ01006856,
Scaffold1723,JMRQ01006857,JMRQ01006857,
Scaffold1724,JMRQ01006858,JMRQ01006858,
Scaffold1725,JMRQ01006859,JMRQ01006859,
